i;l_bezrobotnych;wiek;staz;l_bezrobotnych_z_praca;prawdopodobienstwo_znalezienia_pracy
1;1000;19-22;1;100;0.1
2;1500;23-26;3;160;0.106666667
3;900;27-30;5;110;0.122222222
4;800;31-34;6;130;0.1625
5;1000;35-38;9;180;0.18
6;800;39-42;20;200;0.25
7;400;43-46;20;110;0.275
8;200;47-50;25;60;0.3
9;100;51-54;28;33;0.33
10;400;55-58;27;13;0.0325

